"","x"
"228995",0.775264850747974
"171558",0.998867606244391
"182063",0.796330745414532
"228013",0.998371359348654
"127631",0.967194990443759
"136064",0.157768208817345
"153543",0.0295205626287892
"171935",0.990616203829969
"180124",0.996077991332879
"186339",1.8372852848168e-06
"153321",0.143668474845961
"183663",0.954067730901844
"187430",0.998410409955292
"138772",0.999061462090765
"181974",0.99815885884169
"162985",0.910785525324575
"164887",0.999082734038264
"126795",0.271017629497229
"129773",0.995638000865461
"127202",0.746592247945479
"210530",0.973356931998936
"156026",3.05971637750141e-16
"171336",0.165582297035158
"130144",0.994737155761205
"183011",0.822088119688995
"137684",0.997531939768256
"138205",0.0947281312707437
"216438",0.980292954838508
"157293",0.993242068312248
"121713",0.0283786637694084
"142702",0.901657606028816
"168494",0.999718283211402
"117627",0.999717936085923
"169752",1.58228942808389e-07
"133748",2.60002105886867e-06
"130704",0.98344502198612
"179606",0.645737148396094
"148420",0.997524966470494
"197013",0.999686435820375
"129859",0.979801638244527
"141531",0.991440271450418
"228759",0.997939990962707
"128362",0.981997862363805
"222781",0.990837474593824
"192387",0.00666549754884648
"203602",0.0118873845280402
"206040",0.0163318491902082
"218624",0.196078273662392
"168997",0.990549472291028
"131333",0.973719834142362
"122957",0.715571879210814
"219340",0.772157396610661
"170180",0.02834737202872
"158088",0.00494317627771921
"185201",0.992287123029352
"223499",0.996747525352627
"176415",0.0307944818921817
"131561",0.958989960810697
"184880",0.030289756230227
"124389",0.990463007526526
"223270",0.158447407976144
"218607",0.908639350026683
"145362",0.860320673292134
"204049",0.797065873020209
"152784",0.999731165066324
"125430",0.998278290063489
"223938",0.999063693284184
"146530",0.95482959658437
"221576",0.978816936265546
"213617",0.707073327949696
"136059",0.16143237540023
"179083",0.999041792181392
"170750",0.158447407976144
"177953",0.000688263384603869
"210643",0.997606114912044
"128503",0.00895039475855364
"205624",0.165582297035158
"116855",0.643438677660001
"203155",0.964096641032182
"129001",0.997225137327022
"156414",0.999125600127108
"176356",0.999721967391028
"222304",0.80543878072565
"214062",0.995521928173459
"134976",0.994327504624327
"176688",0.125060299636828
"195104",0.999711485434304
"175407",0.998582741504915
"211576",0.985310993800346
"116390",0.994138383872307
"187764",0.112854808496584
"123894",0.997413796956363
"194765",0.998007704850392
"116988",0.944501927959719
"175832",0.432767887607011
"220561",0.837540615174968
"138925",6.22502240328807e-17
"151297",0.9651548623725
"165600",0.999166050224693
"183292",0.999151924644883
"169931",0.492202374208169
"145063",0.87283386078934
"218156",0.0331785998321507
"216629",0.995673364320256
"220661",0.00321266395518474
"174477",0.00775944114973435
"130183",0.848214081727079
"128223",0.998497213920462
"229991",0.150838654770129
"140649",0.999731569875795
"171836",0.999726697463856
"229463",2.73621454021289e-06
"198721",0.978965078546095
"160893",0.988591841624728
"131815",0.148932637679478
"148335",1.35360805247283e-07
"134246",0.992249532865137
"156454",0.782055444553421
"217669",0.844471326343464
"130272",0.974955579059759
"190473",0.16157904225374
"126118",0.998480029425656
"161918",0.984937344458941
"216295",0.0366025559412658
"228131",0.962183204401108
"221254",0.950912981481617
"190772",0.0713764937222819
"130878",0.164839461176468
"186567",0.972466958898902
"230221",0.998535946276075
"152485",0.989723079557823
"148314",0.999705038573933
"189043",0.997974925704627
"215751",0.99702902449432
"203315",0.164594033234254
"187516",0.866254878533062
"148775",0.474471513317681
"176814",0.705040808726395
"223368",0.990815748761081
"133998",0.813218433331022
"169100",0.996772733087282
"221369",0.996075380849044
"174635",5.15869206593117e-06
"157394",0.0310935206576698
"182434",0.99731233455422
"193619",0.16521002816656
"115327",0.633052278701944
"133085",0.999723661719507
"124441",0.156427453383289
"169302",0.113319291888247
"223958",0.742696059406009
"170282",0.988225343299679
"176945",0.961013786984645
"206218",0.933659142475541
"132725",0.998464489004922
"166875",0.97828765079662
"153443",4.0110748992029e-13
"121663",0.989064441775302
"210060",0.157430829119909
"214701",0.9922478606544
"178195",3.14917116452013e-06
"117319",0.0642980742712969
"134279",0.164839461176468
"142163",0.97651687107862
"224371",0.981571102023842
"117391",0.165582297035158
"173094",0.980877663557906
"160003",0.998993520997908
"172927",0.0991454920388926
"184564",0.15609588414657
"148167",0.988314762169501
"171912",0.927625312110531
"228395",0.00340286064614462
"119414",0.998522931226349
"158996",0.99970578349788
"219289",0.997846497466953
"166557",2.30094090376975e-06
"149652",0.962733372725619
"207731",0.370776035731225
"139411",0.00192079801469627
"117404",0.00224123047659675
"217336",0.155765743900579
"222833",0.904573762025012
"202103",6.60386755839783e-05
"138956",0.995215119911047
"131318",0.878068360918187
"175494",0.999713541426022
"126215",0.993181128138522
"119132",0.255503785520685
"200450",0.16229217288888
"177358",0.990338879187695
"130649",0.836484716277983
"187301",0.22537097949343
"220761",0.699604494837327
"217876",0.226459325736255
"166478",0.992155298944832
"171479",0.995387395518637
"175240",0.999202735269852
"191042",0.966876125675408
"156556",0.975429143008927
"228101",0.552629996143215
"218890",0.985517108629512
"203842",0.947798237540505
"150237",0.965086391929289
"194177",0.00187733824301335
"166415",0.995339433936812
"149926",0.887960692680849
"118133",0.165582297035158
"153155",0.912528377496465
"200469",0.99920292268756
"192735",0.989748437685653
"218501",0.993239728609996
"203071",0.993210937721284
"165299",0.489010409645997
"137231",0.834545097766459
"124373",0.999737092758664
"139254",0.160872268851953
"186927",0.834959230069945
"118034",0.0188434865478706
"226223",0.983984249329889
"133900",0.799595081570775
"157668",0.971334199940958
"178010",1.12745468597255e-11
"213072",1.54358192391215e-11
"116594",0.159132592511301
"145357",0.868697353666581
"127180",0.994809006355824
"149280",0.0980723028759371
"180324",0.997144999971512
"163305",0.0398508721980447
"117287",0.995419943137262
"217213",0.413008552717076
"206763",0.0283951917322005
"163924",0.660150848739991
"153236",0.999730268554834
"149213",0.994939860801132
"229417",0.924011653341357
"143626",0.997808291652425
"193040",0.994619057870104
"142629",0.0241621099320261
"229507",0.95425609200403
"160905",0.908042981843829
"215703",0.211792820606939
"227909",0.999041681719643
"218327",0.303563715933832
"187150",0.553841516238816
"166355",0.839152213029639
"203222",0.985179174618852
"196441",0.00230284482180376
"144135",0.048829559902313
"119767",0.995852501276654
"167951",0.999155460574641
"170462",0.983735548549676
"125076",0.998520440118293
"138723",0.996258294619974
"150445",0.0452846015601367
"178267",0.997140512309356
"129567",0.999172969704398
"218724",3.429055815622e-05
"194542",2.4407918657326e-07
"172108",0.81941027390147
"172739",0.225705162115611
"115294",0.999715173564307
"148129",0.977999583339278
"152429",0.0013502732554136
"209860",0.913233057149701
"152687",0.96339214639153
"198578",0.997771180202615
"212669",0.816554782542091
"229276",0.97381484433401
"139904",0.99529085474232
"170328",0.997459136014796
"183538",0.997586222677974
"204829",0.0502974919517201
"229178",0.998040198926983
"189351",0.158107065173355
"131165",0.107113525513056
"230389",0.996647747383101
"179135",0.996617858962172
"163126",0.987854173655006
"215736",0.95848802718262
"213659",0.977380133885239
"115331",0.951008033690046
"148033",0.986683142017532
"152700",0.988617485238059
"187730",0.963226019040988
"142455",0.0346705770776259
"156174",0.974173829905626
"169826",0.99971560089146
"186586",0.996916073589313
"220462",0.999718553526131
"137617",0.159132592511301
"142602",0.995417758714144
"134109",0.98808056039137
"182049",0.995022297161499
"150435",0.994059593255289
"207651",0.997843569792157
"214901",0.999120230674326
"198681",0.99412852561187
"169226",0.935259849150705
"215786",0.99621807052276
"222083",0.994896111351601
"204632",5.64955456093222e-06
"134147",0.98763825532925
"140352",0.955618161279326
"169361",0.342435590995901
"143236",0.994155097334898
"185728",0.994433737074807
"172897",0.999166050224693
"220731",0.157768208817345
"161310",0.993296286519283
"141844",6.14859801289004e-07
"174642",0.98393521842509
"185737",0.607103106467775
"182965",0.997236797527263
"127267",0.95173060936263
"178209",0.47181340882151
"130686",0.194562358156457
"211042",0.933926457947427
"181949",9.53004074919443e-06
"143690",0.990617506207805
"198131",0.9997362905599
"195473",0.164103386015327
"201575",0.999178004316629
"216526",0.869399815274668
"195116",0.158107065173355
"161210",0.829679775767715
"192304",0.63048278024853
"123166",0.971688951909894
"157146",0.99418762355734
"128687",0.995726737832423
"134257",0.999719942033631
"229644",0.995122945621337
"186228",0.912730788011332
"195824",0.461306055501829
"120506",0.993513911113143
"221898",0.998317580020974
"169553",0.954206372152321
"183797",0.902254366397021
"205047",0.953305229084215
"122548",0.604679289163374
"229799",0.838263614799151
"176340",0.921767867276868
"140049",0.987624510507195
"164835",0.909750473228226
"193628",0.958802469289333
"131012",0.971648295830692
"206539",0.993293445999899
"174713",0.994455907564875
"182590",0.9985835496224
"225437",0.161934807528314
"147149",0.999177062567592
"134210",0.0108670386203997
"225274",0.995933645491
"132978",0.997859709545626
"134546",0.977738252616799
"183076",0.976322145620586
"172081",0.999723770305828
"204796",0.996726296917027
"138722",0.959596153466057
"209717",0.947019109476484
"129077",0.997227009832012
"186690",0.597245002104435
"118727",0.34729636604143
"204866",0.997105216760546
"192924",0.999731569875795
"201099",0.99907293501048
"157925",0.987394989437941
"163591",0.158789247101006
"143028",0.983717206684406
"181091",0.991297546679914
"158493",0.0786566569137175
"136536",0.980461402850312
"118640",0.995662087123809
"203262",0.593897642099556
"174910",0.0125407958001789
"167616",0.999066419039215
"142452",0.00483114288797858
"147598",0.997534965245652
"225996",0.990265956254034
"132270",0.0117781413408495
"185487",0.982682996009552
"144961",0.772611341768343
"200867",0.997329668283782
"165378",0.99971397385036
"164476",0.464520245727386
"136353",0.237834597729311
"157398",0.000381633871660319
"216542",0.000359908631013177
"144779",0.588018576082516
"184523",0.00070208729918892
"117851",0.770620834916264
"168255",0.115639974797548
"174161",0.999146808099401
"199363",0.999148629762493
"151787",0.999721423466099
"187055",0.0596931935606145
"217783",0.98579285378227
"225650",0.944334014264262
"146480",0.984152400045637
"228588",0.99849487211006
"219243",0.99840928760329
"184102",0.999727685439853
"131382",0.999100670482217
"210004",0.984980194242711
"197460",0.906893033299831
"153979",0.99972536147433
"208985",0.0623228504687968
"223382",0.0193610863658032
"205128",0.307309870308072
"149239",0.41672363977029
"148689",0.0222099911234676
"175062",0.915473565169708
"218739",0.86227677901902
"165383",0.984251376268401
"149582",0.968911693253774
"150735",0.99909754316497
"131004",0.000551939539586358
"221046",1.05620345379816e-10
"153519",0.953815357160868
"224161",3.07437947818422e-07
"207172",0.999723949740811
"178929",0.996883588559451
"173047",0.230322380419862
"160475",0.56911839432549
"142126",0.980992120665608
"167417",0.958693152611603
"154921",0.970603454039968
"180620",0.953629794037621
"222731",0.87463443440546
"193403",0.00444788522836228
"160468",0.000118813493957802
"217387",0.162651149236017
"159645",0.670859325130918
"159288",0.0356805975051236
"164226",0.997501253429314
"188503",0.0398723459842216
"157928",0.150759646898262
"152713",0.986325159480074
"164689",0.303015256717285
"184617",0.997988719476292
"212843",0.815566516404049
"200556",0.629438722759852
"191714",0.982869444199117
"155159",0.00182838654583845
"123380",0.999734312479658
"158825",0.992929904557527
"158217",0.679752124984101
"129316",0.985800762412827
"223751",0.202154214694672
"162659",0.968647429395174
"126961",1.14142735563182e-13
"212962",0.997963656764356
"192482",0.980645369600708
"158374",0.483672815130793
"222207",0.953399566299431
"142579",0.999148952422127
"136754",0.71811489923463
"191157",0.896281323002246
"156854",0.905170517411843
"215744",0.998340026772771
"213895",0.00023442149260951
"208626",0.990954371176515
"170713",0.995175157078664
"218465",0.459139142377243
"145984",0.00182312349658285
"141611",0.996596804121366
"133231",0.961333704545039
"168618",0.989455885630039
"136865",0.564624569716922
"120618",0.88511294580194
"127085",0.164470584333748
"210256",0.601760535242824
"174266",0.957936006747155
"173896",0.00188991408677601
"204057",0.990658754710605
"165644",0.146422838079429
"225102",0.00543329677040262
"173497",0.982893524703751
"155494",0.996433214532179
"209003",0.000992924093171066
"198805",0.925493173841144
"161117",1.47702121185296e-06
"169173",0.000621496175972533
"139591",0.225737187086782
"144790",0.983205029147433
"141210",0.158789247101006
"194529",0.994131707236859
"169537",0.920151114344133
"201244",0.999718450197538
"176912",0.999715051107561
"172696",0.864849197104938
"145149",0.00107764365512853
"186243",0.83017408818984
"221767",0.998634199259971
"118871",0.993006975240913
"217008",0.158447407976144
"159488",0.911425799567984
"116217",0.995292674895655
"214643",0.420651410312321
"161309",0.993685249181099
"157076",0.161934807528314
"163796",0.977081313938693
"129989",0.15609588414657
"163769",0.991940095032001
"192959",0.973206198683954
"131494",0.998514417388451
"149593",0.978518167349339
"130449",0.991890515836488
"200985",0.751990023452597
"128550",0.772850377545646
"229787",0.979258417059754
"192073",0.729339101541892
"122626",0.994940108076698
"120666",0.757539357275601
"218615",0.999093113047755
"117944",0.99973375204995
"193679",2.15738159123207e-11
"128461",0.159132592511301
"222740",0.999731278263205
"203510",0.161934807528314
"149043",0.995958183129574
"123379",9.49683538490123e-08
"171398",0.917946984632087
"137034",0.224660677815387
"146914",0.994867406394357
"219117",0.998995002941931
"121259",0.15676046097765
"127558",0.00195712879408024
"192557",0.999716114492175
"162378",0.0513059442905883
"216692",0.159823842487894
"212994",0.618648921705275
"172597",0.94176273924985
"167236",0.999090819600635
"135380",0.9220123185672
"177895",0.163011747569998
"207165",0.999715769723428
"194908",0.584904226802762
"204900",0.0209519817949113
"209110",0.000156883797455952
"230199",0.0249097659824689
"128233",0.997490289235288
"122402",0.99197519577732
"138297",0.984159190897037
"176397",0.715779644374987
"211700",0.937535663801302
"177381",0.000115998018842892
"211374",0.987470497611645
"131017",0.902194979527717
"159676",0.250636697615613
"120110",0.717678889436354
"144637",0.990876825215671
"174174",0.807181786924356
"165746",0.94688815029396
"219244",0.814178624099827
"216182",0.999727685439853
"177850",1.26041354647421e-07
"216045",0.0764617436982841
"182981",0.748342355282646
"203739",0.815341335076882
"123299",0.979956039068222
"173503",0.97064294381476
"178191",0.874171679763545
"148342",0.684658033004251
"115563",0.516346730971935
"128229",0.0605710172781622
"152631",0.0748550780952457
"221480",0.474343470009676
"213562",0.95610708390584
"210579",0.981605765666484
"139358",0.154790957315401
"213662",0.999159510242674
"192270",0.965214947277677
"156800",0.321707040533101
"126330",4.3460893733825e-06
"140206",0.990897887309248
"162770",0.0402362258442846
"175028",4.81490515618254e-13
"168892",0.441217350961268
"198744",0.817049658355444
"198303",0.638157399817298
"119572",0.164839461176468
"138570",0.936197828462189
"179637",0.825512429590098
"128977",0.997692542236408
"209431",0.906168976719374
"192427",0.0311008005515496
"230272",0.977970891991031
"180337",0.999130876235198
"198116",0.0134280439482802
"199689",0.980003750422321
"164621",0.999719726374334
"195006",0.0031426527087742
"217125",0.983262590573844
"187996",0.996923957827128
"158227",0.927840761345377
"220990",0.0296621316889462
"186856",1.32887744340788e-14
"198522",0.44293446363675
"139135",0.753718201785535
"164847",0.819071891792783
"127129",0.996389841256849
"196192",0.164839461176468
"115481",0.00192079801469627
"123607",0.839068674882103
"163056",0.987710471106715
"136757",0.981845606594417
"157208",0.486548721012303
"149450",0.16521002816656
"172160",0.943589515319415
"121902",0.969200955156271
"186945",0.968176638340134
"174809",0.00611043652762012
"206015",0.999168593573746
"211119",0.949006516310925
"161399",0.0876266517231261
"157885",0.997014280296152
"184680",0.054496543550829
"195477",0.387131850036789
"146917",7.66353767756587e-06
"164926",0.144019245077354
"213649",0.838794792952379
"219679",0.992486779401977
"139774",0.165582297035158
"162960",0.707023279517706
"165265",0.934874005682074
"159336",0.978769859235812
"177517",0.972475694478816
"188936",0.161934807528314
"201024",0.861345100187543
"160974",0.839599155740229
"201313",0.992288699472363
"129951",0.94299026260886
"153600",0.00593199129130436
"209256",0.155765743900579
"118890",0.971135972830269
"214344",0.993320685061099
"206682",0.883438140000218
"195002",0.2695171035212
"165792",0.000186201926191834
"182398",0.201130926789505
"214001",0.861327087190152
"134319",0.160171767430189
"187864",0.98298206910631
"212336",0.167040853311733
"134522",0.99916505589889
"120098",0.981030303433274
"186996",0.985392782399522
"142585",0.122905788070268
"171979",0.979260825124204
"150708",0.882276671549414
"195434",0.979936961887788
"209450",0.947944220650941
"229659",7.84929791115857e-05
"135859",0.996770290258614
"175362",0.983452162919247
"194228",0.996321803394736
"127006",0.991837200425543
"172834",0.324981110910187
"133611",0.71937084015452
"186250",0.221356185339876
"223521",0.973602820131175
"145109",0.994034555441247
"214008",0.00442129631060213
"184532",0.00211469444463055
"173572",0.991807918236524
"115391",0.98874042391874
"149091",0.571521145597256
"134772",0.947388459730009
"130734",0.97406035217409
"225610",0.985152962565026
"117425",0.72866108395184
"195361",0.852397075765107
"157762",0.968923016974633
"157065",0.0985331228484463
"169082",0.99540245153549
"197018",0.99277619160131
"174467",0.640156474831712
"133916",0.000153802859633224
"180773",0.254762989534803
"135620",0.897749714907799
"122346",0.536040336887102
"179394",0.273108181753399
"123956",0.999147643605439
"218155",0.156427453383289
"211791",0.724731144450735
"191337",0.840760926612835
"117137",0.163011747569998
"166946",0.86524649482924
"208480",0.974762038441362
"148575",0.99393921441446
"118090",0.981680757589886
"126286",0.990095547999377
"134208",0.255202451681849
"123982",0.00724804671970974
"175917",0.997933619204058
"185275",0.156290876283759
"170430",0.278050115609457
"181373",0.339728335544666
"165592",0.998596318907236
"181387",0.976107099516587
"160991",0.854538997777655
"227309",0.010671856963581
"172503",0.0776375630552838
"228792",0.000536922737012508
"143645",0.156194085148272
"117850",0.017202367846674
"117390",0.107668394943459
"118201",0.98652511975654
"214912",0.937631080401188
"148093",0.906166734684048
"121953",0.165956279622721
"134793",0.998663368096054
"155865",0.324974720915554
"153326",0.995450197954971
"158799",0.996515326580501
"188277",3.88321379903537e-08
"126429",0.986080845261822
"197238",0.367373152920889
"216626",0.163011747569998
"185939",0.255074122643278
"186830",0.972975050735943
"170670",0.000713273080294302
"120754",0.994688967768656
"222258",0.9985013195089
"160956",0.00483222624575112
"124819",0.029105154464985
"181448",4.08849095498718e-07
"230460",0.991988324282597
"147969",0.995502840572518
"136434",0.993384040925648
"200455",0.978030775382821
"204016",0.939377350355442
"223591",0.91226281564283
"211108",0.991567296029276
"206981",0.811491730064415
"201872",0.929239793383116
"172070",0.98409799960147
"147304",0.00294927612685701
"224970",0.989660957144208
"177161",0.419081906970986
"194348",0.999720228646237
"178981",1.13503373589035e-08
"166766",0.611070616054321
"143984",0.955009065895292
"149873",0.996001435949965
"176940",0.682100214472362
"202293",0.981885379980773
"212943",0.998599384142217
"219881",0.164470584333748
"185491",0.165582297035158
"203378",0.052405753788281
"199499",0.161224866263142
"143351",4.39092222117309e-05
"128238",0.608013759002903
"192248",0.00466403810441568
"229818",0.898033591736035
"162291",0.261043266103565
"148629",0.00625030959297026
"168599",3.18026925469462e-08
"207218",0.0036461349923771
"162788",0.01153049472033
"148799",0.165956279622721
"159880",0.993776320381077
"125675",0.975137834777889
"221966",0.270297153630542
"164047",0.998357757338033
"140052",0.996959220894428
"218570",0.998510656994034
"229200",0.991346183712616
"160199",0.575974928595504
"152853",0.814206615860958
"212549",0.160521239411954
"118027",0.217172923006587
"229412",0.186415157138611
"227878",0.973324705624491
"116462",0.165956279622721
"184336",0.992069634013962
"122682",0.992867915035777
"121676",0.159477454259442
"163453",0.0252325467012556
"193365",0.987185041252813
"172340",0.94694033988726
"206082",0.79613305770017
"206005",0.958572845320281
"143965",0.946540577890036
"207474",0.986399129196229
"115725",0.998479011461483
"192789",0.804812978204409
"194918",0.965497620664197
"226988",0.970439602096016
"171217",0.242302735759517
"134989",0.992843056176583
"162269",0.0249990326789141
"162554",0.98865815874208
"186038",0.00949467060685439
"209557",0.163737854704947
"126787",0.621406676850213
"152008",0.0156404554747193
"115419",0.99847065301789
"195710",0.998519340749377
"200400",0.993319303345472
"192633",0.999131773640701
"185083",0.978816936265546
"175027",0.124840260937222
"151927",0.974876753090855
"161370",0.96749591073009
"208055",0.949474040555917
"167743",0.850102819860802
"122169",0.0129125540099049
"220444",0.992393533485909
"215866",0.770863403393664
"213355",0.997016997880511
"154114",1.96127946121595e-14
"193622",0.997399508399282
"206976",0.162651149236017
"219830",0.163737854704947
"200422",0.0159134650248297
"133875",0.228749334956491
"141182",0.0235475251326644
"133958",0.987475391336326
"193062",0.998511594753535
"139618",0.160521239411954
"181098",0.98428012417907
"115826",0.141577179646374
"151837",0.100411406188245
"153951",0.901365563371518
"159407",5.01607575836189e-05
"188800",0.889011570368302
"197189",2.95040266757825e-06
"176729",0.130964465334886
"116299",0.997974009041306
"180232",0.993280793953444
"193348",0.974879614997636
"217122",0.996533962669688
"199269",0.997183454387877
"147505",0.373825601558194
"161664",0.030606250936439
"218596",0.867281503301796
"136365",0.974900248034585
"158339",0.974475454724947
"226219",0.997533522918323
"189717",0.989737257156187
"229540",0.997069144647031
"174152",0.163011747569998
"152849",0.984553099676606
"187302",0.999156565918006
"185895",0.991235902099113
"123941",0.995587992518294
"193642",0.998634199259971
"205441",0.99797966946384
"169941",0.0186910320712394
"138576",0.158447407976144
"185312",0.897066258740897
"190888",0.935441803659973
"188708",0.922770943614118
"168732",0.993405317454128
"166272",0.997353842176285
"227006",0.151781761474082
"139349",0.0306332035933236
"208658",0.148107771712612
"216122",0.994986068196379
"215243",0.989387402089009
"130251",0.163737854704947
"201899",0.937781025769083
"186639",0.993044455830995
"222885",0.021543505464034
"127166",0.712380674681747
"172244",0.950931776384856
"229139",0.214111224990677
"161150",0.985376759885798
"170603",0.513677495741844
"139509",0.0062639948585889
"118367",0.239112741822088
"120922",0.000491111900671274
"128793",0.0820833108209988
"229311",0.963228517390812
"134230",0.539254628316835
"143128",0.150393480841274
"206371",0.105453792183963
"182947",0.993909228683188
"211341",0.896221114162834
"216701",0.886453323211699
"211280",0.946036599831407
"118800",0.99691638969513
"152896",0.989769696220339
"150576",0.997914746571333
"228549",0.978333765770352
"132091",0.93240366851316
"196640",0.995795032909588
"194809",0.11213036029069
"203804",0.994257898082815
"144222",0.978666968422787
"137920",0.910952187970141
"197333",0.956873603756801
"184966",0.898912207183005
"156206",0.435553493302507
"175499",0.881267204013579
"229010",0.346046270792574
"118675",0.907548668487919
"182569",0.979326827216967
"228200",0.0416388614664461
"211427",0.997507649725967
"197209",0.81650115205489
"195578",0.990534497398716
"162113",0.997477711972752
"181177",0.754818179070585
"133150",0.926949010380687
"184461",0.99145800114113
"168901",0.0295205626287892
"223001",0.16157904225374
"120007",0.205619326191281
"122309",0.0183236425854545
"129947",3.73479555557642e-05
"133967",0.680144760935478
"121058",0.588697034085226
"226623",0.0284821475812318
"217822",0.0325568443215415
"182689",0.039572643397465
"172029",0.00716519612228732
"224952",0.650256746300445
"120704",0.976482966532347
"163860",0.988397746221335
"142422",0.0385793142957081
"118709",0.99800811438426
"153442",0.941943083750054
"198552",0.114385816559111
"223605",0.981643675172276
"142184",0.360291238067003
"141041",0.984323798825783
"137110",0.0212432739393209
"186174",0.163737854704947
"161085",0.00540730221704959
"146680",0.976256735527807
"218373",0.0241699272449174
"204045",0.901030421771247
"132273",0.987357829972055
"222768",0.967557313082283
"217720",0.927161114404661
"169007",0.0292512716237864
"159911",0.0348807446076222
"192082",0.833542999084226
"172479",0.982918796315143
"142261",0.000182649539338808
"200116",0.998032891715514
"220909",0.997929602709677
"119049",0.979576097961407
"153765",0.987230176110463
"212139",0.777596633931359
"222719",0.997004433111848
"195314",0.981236401991717
"132425",0.684620443272788
"173634",0.946568819216224
"205975",0.99364582915041
"135377",0.985994015811935
"174942",0.000792561862379119
"135518",0.942944550545524
"151184",0.994288304277311
"144498",0.983268728552173
"153252",0.0380685365714408
"171690",0.987710649042039
"126577",0.839580609447635
"118049",0.890138059520502
"195455",0.993489623013858
"182889",0.163373978991937
"137511",0.906394644408508
"134162",0.996903115784854
"116603",0.869656766111659
"201470",0.809990344591952
"212061",0.997266459926263
"130680",0.5661460323729
"140334",0.953743939978351
"135235",0.975024025541907
"138145",0.119334876713556
"125190",0.873464986492885
"140754",0.54846461889216
"122634",0.00419739115873
"225912",0.989276169855662
"213683",0.625862061844635
"213719",0.984178680301711
"167821",0.254323920655893
"210477",0.989058415318499
"117158",0.966536315324026
"126723",0.93585745353918
"157615",0.0382346667350002
"151691",0.872351701784892
"123879",0.402233989290321
"225839",0.163011747569998
"220926",0.995389442385521
"119114",0.000980099452909794
"152233",0.964445597217766
"198253",0.131824613416085
"165724",0.158789247101006
"122449",0.986175663569715
"162907",0.992409762249191
"155711",0.948278621327241
"142828",0.997383005926868
"190862",0.957187870109845
"121242",0.00149884589962098
"217574",0.982512026200775
"144486",0.115504113058944
"128980",0.327478446554824
"132794",0.971088918302772
"183683",0.0200678115335864
"159516",0.0182334874913317
"163087",0.960718280853096
"140687",0.994998403524764
"131690",5.67568676162484e-22
"198813",0.826397303331117
"224177",0.844611788602529
"171623",0.999089973555263
"125691",0.432590347457716
"154337",0.458320215121129
"187821",0.00527608263800145
"193274",0.997055245382384
"137849",0.0185981558865057
"224911",0.952046050718205
"126679",0.996546562156395
"212272",0.725191862624188
"153950",0.998094998795331
"148531",0.927994770344955
"144685",0.978412951806105
"181467",0.965240870513958
"185815",0.167694791843309
"116289",0.993074825879733
"204607",0.663337394079223
"147476",0.997087450272693
"122941",0.0310567113747421
"143979",0.850726396023102
"199326",0.998620465389915
"148655",0.164470584333748
"220914",0.770069858639666
"220005",0.999732411978812
"166925",0.96950377753101
"161042",0.951646648417155
"158040",0.998561318956748
"136814",0.0807529939331477
"203275",0.991991377042511
"222111",0.13739829673312
"206674",0.623751013816092
"227509",0.998655657280597
"149730",0.985424177548325
"186920",0.158789247101006
"211380",0.672566976919284
"147869",1.38321706800047e-05
"168986",0.980556947777979
"190755",0.985034282011881
"209054",0.0830625899133717
"176486",0.153181967632214
"157074",0.855917362837548
"208487",0.164103386015327
"127418",0.719419560613036
"223654",0.0276989392901464
"208989",0.536523882652682
"162933",0.997897691512068
"185611",0.999143243993266
"154657",0.127472932266542
"198178",0.524535958187688
"121738",0.996947055972283
"165897",0.016290078798151
"216465",0.996651018719132
"221513",0.93090532187621
"220036",0.984375986596245
"160802",0.992188340541977
"119379",0.991382198593756
"194226",0.154220328938366
"190365",0.943501102854086
"135886",0.202776230357652
"217551",0.993810779824957
"140773",0.996765388918737
"146728",0.37035500033843
"170483",0.998538061770804
"158192",0.163373978991937
"171702",0.0170324784153219
"141130",0.158107065173355
"151303",0.0895050018477511
"118033",0.997892208975042
"158595",0.70799646079078
"124599",0.164470584333748
"153606",0.995980702345854
"227265",0.160521239411954
"145168",0.0325461011492529
"135364",0.0832573385298287
"173013",0.162651149236017
"220313",0.968553646128764
"130559",0.338025894635393
"185624",0.990644073494723
"143350",0.978239496185504
"151767",0.0681288018426985
"119440",0.955077863385349
"179313",0.982893527591452
"230509",0.0320834696665297
"144461",0.14687385375624
"150030",0.988537188795793
"152036",0.982994420954736
"229817",0.10343161430895
"191816",2.99088818069973e-10
"199110",0.165956279622721
"176353",3.58586785755018e-05
"154728",0.978350893673589
"212174",0.989129631280943
"195991",0.000418290854005723
"123724",0.989833969160099
"175676",0.958097754705546
"180306",0.909944638562052
"229274",0.000805771872488485
"225661",0.981949293901926
"145898",0.993632168210925
"193691",0.385555829040188
"118950",0.987343968480334
"229480",0.991510693614763
"135842",0.595784041196476
"133948",0.256606516484611
"154499",0.94610741950162
"151595",0.934974049318913
"145907",0.98774698706769
"115693",1.43096366164962e-05
"221618",0.111563663397308
"190674",0.00465746888809882
"127743",0.333885819298793
"136915",0.715738524192148
"125011",0.000972804415754802
"191241",0.969025887843905
"203199",0.977019894946044
"125857",0.200746644831076
"137767",0.712775078729569
"140194",0.16229217288888
"148139",0.224552037049508
"148373",0.940682473436903
"216084",0.506620399283006
"212535",2.87650812706208e-07
"117005",0.990430336408869
"183576",0.940954856688846
"166246",0.992708217966082
"209607",0.161934807528314
"211857",0.000630065827330885
"172839",0.0319072308831311
"181423",0.00473940610015664
"203403",0.0298334295364886
"159718",0.986199625691111
"165543",0.429006069070402
"194389",0.957234607861892
"133603",0.619868705328254
"223141",0.872015621633936
"203913",0.982487444930635
"205677",0.971895745989782
"216274",0.155765743900579
"179050",0.00636799771058588
"152085",0.0054645084258217
"138700",0.278853508101431
"217369",0.000931531833895777
"118462",0.0188788832882912
"151321",0.99914872520767
"157905",0.0323407066072924
"183942",0.590536950652174
"156762",0.992828560196232
"126056",0.163737854704947
"132783",0.0836395306081614
"130689",0.984067199714705
"135160",0.00300878654520313
"197912",0.989133311097566
"159005",0.017340556595038
"163678",0.16229217288888
"173750",0.989162117223784
"133833",0.964962332501311
"181627",0.160872268851953
"144631",0.82654488649347
"189997",0.986929226088609
"188183",0.162651149236017
"140160",0.165582297035158
"123747",0.151860847205784
"198589",0.0177062698881571
"208867",0.000503886191657635
"207610",0.0398361854880392
"202280",0.0281509663244901
"158959",0.16521002816656
"163827",0.822845220464972
"156107",0.452024669529157
"160063",0.791326726809876
"197059",0.0202973972359494
"160955",0.99915328468689
"135342",0.976152072610814
"169443",0.998568287289113
"142901",1.9562716910744e-05
"221819",0.997456840467542
"208284",0.00411713836519847
"185773",0.990897887309248
"191174",0.776456943339388
"156487",0.834069423291695
"214130",0.606957965953585
"128863",0.16521002816656
"116626",0.352220958718277
"174651",0.993272862301999
"207922",0.705585898830168
"216680",0.00138298729940806
"117172",0.0508395176117116
"152855",0.0012397555775615
"180308",0.000759638407976503
"167215",0.0191749834722763
"194243",0.973844690377795
"125093",0.998549948286725
"173032",0.975775092077812
"177275",0.163011747569998
"126334",0.00127670003528454
"159761",1.92178112273216e-06
"130924",0.996152489133341
"160664",0.581788894680533
"172928",0.0247578535388075
"219889",0.000594473565684249
"212986",0.950806933819938
"127505",0.993577276516026
"204285",0.124571588611159
"149598",0.140570882185888
"143216",0.943046275187247
"153579",0.184354755833662
"128367",0.999199557807452
"176381",0.983984249329889
"146180",0.997258173559827
"125743",0.16229217288888
"187076",0.676547630403645
"209405",0.998574706631321
"190082",0.906510067204117
"137985",0.993264247785087
"159133",0.15609588414657
"192518",0.999734788637619
"118148",5.05397322617784e-06
"167188",0.930974130782589
"174168",0.333883892344958
"222043",0.44431316919211
"171789",0.162651149236017
"156915",0.995092389088676
"147459",0.604826238209997
"211585",0.991817967194891
"229504",0.996758194151048
"220037",0.982487301089583
"222863",0.261866570433727
"133410",0.87986761877899
"178533",0.849346424059447
"142148",0.999736472859013
"153740",0.978436672656938
"226485",0.0271682898738252
"136499",0.568307577573434
"161504",0.56396784701698
"183445",0.368013991348542
"195941",0.582118152830403
"130991",0.0180551618290909
"212235",0.986688090019934
"159827",0.00041969234680414
"201076",0.999200864754336
"153492",0.156427453383289
"191151",0.997225650599331
"171297",1.18284158245394e-07
"118077",0.158107065173355
"187335",0.991490740822392
"187175",0.374161632015231
"218236",0.9900848199687
"186850",0.159823842487894
"206035",0.846357495672964
"181685",0.841568192206631
"170766",0.498413429997235
"134354",0.159823842487894
"148812",0.913901507100158
"116154",2.79619782812379e-06
"187873",0.020249170940335
"188899",0.00123365922126211
"189218",0.977410923086384
"121620",0.998033215755055
"192938",0.024274744985113
"199464",0.808380351608432
"189530",0.999723028614969
"185257",0.0180551618290909
"132098",0.163011747569998
"117672",0.00501054961857742
"164231",0.775444621804378
"189521",0.265608441024103
"223038",0.163011747569998
"127427",0.895405895131734
"219949",0.427277770820177
"183567",0.164839461176468
"222441",0.0177925386188007
"127052",0.693151391506495
"171032",0.00818430195012613
"126798",0.99445357331523
"136208",0.00132969696049689
"150719",1.10626962870872e-05
"193528",0.731690179237755
"140975",0.00597826347309873
"118363",0.0451624703319655
"174002",0.717038324129617
"162099",0.793625126339414
"182727",0.997556294951808
"135710",0.942752582226978
"169548",0.163011747569998
"185944",0.834907200827743
"224909",0.892356127522645
"223979",0.000596997983412511
"148985",0.989159358515468
"204015",0.992955538753796
"211203",0.000582219097258408
"170511",0.021652487912923
"176163",0.99070123200859
"201298",0.991831741145252
"169441",0.998483038753675
"216379",0.90651426078811
"154864",6.29664638601531e-08
"219027",0.159132592511301
"157758",0.0018865617323024
"229757",0.762127205277777
"127692",0.999135788165321
"191115",0.0270419803553751
"152357",0.944983378111455
"140301",0.936084794075272
"150137",0.995304866406972
"197897",0.975173776955567
"151125",0.808074336122024
"189505",0.163011747569998
"126097",0.640975736781003
"219804",0.951305049767364
"118376",0.617176469145485
"134503",0.199504260082446
"216608",0.997321625201258
"176101",0.164103386015327
"119805",7.49683865397717e-06
"163687",0.100648308439781
"160824",0.169917577533631
"135332",0.162651149236017
"229207",0.16521002816656
"223534",0.936820906143855
"186724",0.157094916378975
"141074",0.975501473102224
"178095",0.0205680641144404
"211750",0.977386948580052
"183691",0.991807918236524
"124361",0.159132592511301
"126059",0.817072271998651
"122545",0.156427453383289
"201274",0.615020298366279
"194442",0.158447407976144
"164259",0.0224406953231313
"119250",0.157768208817345
"182714",0.996616106432478
"116198",0.157768208817345
"197848",0.941479313823613
"163425",0.157768208817345
"195450",0.997250114029994
"164978",0.159823842487894
"153563",0.155765743900579
"180215",0.766560312983962
"147977",0.981573004955013
"140733",0.410900546545158
"158028",0.0272162531197423
"193378",0.994003735438928
"224878",0.144216468679566
"230575",0.890045216074516
"177544",0.621103310331448
"173703",0.998002012380732
"149531",0.808339374758931
"229984",0.157768208817345
"223320",0.0200678115335864
"177297",0.00934753859911231
"212469",0.0351219317689476
"208179",0.160521239411954
"211494",0.0125906299844777
"155462",0.0330172263518294
"194417",0.00113341570065743
"163402",0.15609588414657
"120157",0.993421782091768
"155634",0.685740331915222
"178145",0.0775057703007037
"122472",0.477980546935448
"116153",0.69830739941091
"201039",1.14386272184078e-09
"115753",0.00100022497952813
"164664",0.00129846745839633
"126638",0.157768208817345
"198662",0.77195665347884
"201055",0.0234957040691472
"211982",0.67100830804999
"191951",0.579874554867541
"129560",0.996433141992132
"217828",0.155765743900579
"196727",0.163737854704947
"116014",0.344338346877996
"203650",0.99286616636292
"185250",0.157430829119909
"196966",0.987502885015441
"203190",0.00541746952432715
"117299",0.956488033375278
"212372",0.96994306646646
"119410",0.165956279622721
"129890",0.533972719140505
"151316",0.15609588414657
"130235",0.963974551658919
"221019",0.986836286464375
"181875",0.0035179300827456
"163300",0.16157904225374
"182859",0.996453092778858
"166661",0.990327520758537
"177025",0.00208099538495229
"142480",0.987127739794817
"162257",0.902892646862508
"210659",0.0655901287010635
"141664",0.998573811841919
"129400",0.984149470389652
"135298",0.165582297035158
"195699",0.155765743900579
"191851",0.955068313831156
"143714",0.000694983939553062
"218367",0.163373978991937
"163604",0.157094916378975
"198203",0.809949855785924
"131470",0.251606797070398
"120526",0.996709291140942
"150526",0.716546395149578
"136927",0.0191660131999303
"172965",0.11670001923203
"197332",0.876724007621178
"154994",0.974528454147692
"184299",0.65990923482889
"121896",0.993131819071004
"192808",0.918848387133608
"137428",0.0298759820833368
"129721",0.158107065173355
"203276",0.519514412730041
"176806",0.98185827372816
"175301",0.970030839489617
"138600",0.554351615401362
"188558",0.980485032118622
"150624",0.998576207371673
"160135",0.889608306553851
"120028",0.00326111994788954
"118260",0.900442352647991
"122831",0.163011747569998
"180766",0.157094916378975
"218473",0.859506263402957
"118717",0.894928896332568
"223656",0.00102125810713476
"181523",0.908529220305114
"132830",0.998621342367477
"132727",0.156427453383289
"187436",0.983388592071269
"193891",0.183906140905737
"194512",0.000790305754990106
"228651",0.163011747569998
"153405",0.888296362607945
"164936",0.00192962016923314
"190910",0.158447407976144
"152571",0.0816521037305248
"164816",0.160872268851953
"181110",0.68067185367256
"221132",0.958546168156379
"227833",0.964805190713907
"189839",0.128063104592892
"208276",0.362275298660567
"158229",0.164839461176468
"184414",1.65153736281815e-06
"147627",0.00185856671614234
"130626",0.158447407976144
"151345",0.0146366474194362
"161394",0.99801478789667
"201840",1.82076319955974e-05
"142589",0.0925369837689521
"188273",0.506296099995315
"160515",0.0842995476464779
"121373",0.893635454950546
"119197",0.998625501948161
"221226",0.159132592511301
"226113",0.758543751151868
"212711",0.983570656625438
"167108",0.556423357667607
"224950",0.0327207391805187
"122672",0.974821186725971
"131480",0.00164434200782921
"214717",0.0619856140397391
"228950",0.160872268851953
"153369",0.999158201609033
"129290",0.669900189173266
"121941",0.24052066471122
"191107",0.164470584333748
"204819",0.399350887498552
"207564",0.165956279622721
"148861",0.963490095681572
"116670",0.974686744952478
"205490",0.16521002816656
"176785",0.0970205838140267
"221372",0.159132592511301
"206832",0.946152553169886
"207030",0.163011747569998
"176454",0.746852363525605
"167679",0.155765743900579
"160646",0.162084900712936
"117490",0.0177062698881571
"169230",0.000790219061296758
"174539",0.835239425236632
"214994",0.978818300419712
"148581",0.158107065173355
"155712",0.163011747569998
"145196",0.104333596158909
"182276",0.77829010594283
"210185",0.96056850287607
"203624",0.00313954780597328
"201707",0.0588501896433429
"214498",0.16229217288888
"167036",0.163737854704947
"131902",0.573872155587102
"161929",0.994415579959208
"174479",0.968918480017017
"158004",0.992648296484497
"129004",0.16521002816656
"127071",0.00137198274559139
"185304",0.162651149236017
"156377",0.877693253580782
"146200",0.157094916378975
"206978",0.158789247101006
"198723",0.984236454397959
"210592",0.651319714188243
"214819",0.908209459903138
"175466",0.157430829119909
"136564",0.958766987176216
"213525",0.981680757589886
"221140",0.955127524801152
"140872",0.000654866120966453
"126326",0.737619868476293
"175388",0.164839461176468
"161602",0.120669622456047
"167964",0.000182152332434295
"173590",1.07120579241312e-05
"191469",0.394857615138026
"186137",0.163373978991937
"161615",0.37825625873353
"183891",0.159132592511301
"198128",0.984049674311012
"130020",0.982383907314722
"118572",0.0333395919470322
"134269",0.0295348963681404
"177742",0.0270380035013634
"224893",0.979585342950788
"140063",0.995820574914686
"146343",0.159823842487894
"214332",0.156427453383289
"160968",0.999184602879496
"228484",0.384933767726117
"193762",0.973510362881236
"221671",0.00983211942368075
"173563",0.931765414900761
"200975",0.0440194506467407
"184998",0.99492552669309
"149322",0.841241291691467
"171009",0.907507213383805
"149611",0.990252476038185
"175030",0.2743641048669
"118131",0.988348175065429
"127748",0.676318081033427
"173583",0.95700596566339
"176188",0.998633480692057
"170241",0.947670733001782
"140765",0.999716526043598
"121805",0.835664182124155
"130500",0.0409913540478568
"212310",0.0350351108195805
"225252",0.163737854704947
"211001",0.974880911606995
"229154",0.120166447017306
"179334",0.544631909317291
"119834",0.800727489883211
"169862",0.732385440773869
"157350",0.986762567507111
"195843",0.623587635170754
"191418",0.884533963794637
"176120",0.0555553659031805
"159076",0.0225430168218236
"221857",0.126844819087946
"210341",0.111403921497634
"227483",0.00121513344006306
"135512",0.00492139932178651
"193212",0.106793616855928
"177513",0.879284056155654
"193428",0.991128453476368
"152191",0.257997392019057
"151327",0.165956279622721
"119778",0.0180551618290909
"175127",0.988127523511112
"136266",0.295984846361279
"159297",0.98052293897315
"163893",0.992112840916747
"142026",0.00410196069074817
"152343",0.452543911550968
"222212",0.0795716889196098
"139373",0.0456168596410296
"135816",0.46312103222145
"151177",0.996911541002871
"156316",0.0878941609511091
"150962",0.0248716534118771
"115910",0.448850589624066
"183499",0.151106762471471
"157949",0.725164759344011
"181780",0.0879520325192606
"190677",0.998656967398602
"172362",0.155765743900579
"151623",0.284882417973466
"143287",0.0973753927771974
"144177",0.339999207256757
"229106",0.979636024884006
"177340",1.84452484833403e-05
"154461",0.175861940394317
"169469",0.98885683841831
"209873",0.0496402800042128
"208234",0.857735948772548
"183487",0.160171767430189
"212090",0.929599581685624
"162349",0.161224866263142
"218649",0.160872268851953
"172764",0.539417849042617
"167014",0.00086394582263316
"162368",0.155765743900579
"116572",0.157430829119909
"169552",0.000230592736844683
"119726",0.162651149236017
"165278",0.155765743900579
"210468",0.953346753541363
"118833",0.159132592511301
"209306",0.00216581478633736
"157517",0.0283843333870892
"227619",0.967954526715575
"132380",0.00206662553643748
"137294",0.476352770258225
"150800",0.943985119838435
"189172",0.962288616189134
"204157",0.967538047014337
"196567",0.15609588414657
"221675",0.991658139810756
"132960",0.926816745263776
"155414",0.908122384488573
"213448",0.0105880667233283
"194711",0.226759970829073
"190854",0.827794813663646
"228390",0.612745164270902
"153707",0.0275440021398228
"149286",0.834748106483408
"157913",0.165582297035158
"126758",0.156427453383289
"207141",0.160872268851953
"210228",0.987625025706751
"130763",0.159477454259442
"183358",0.00619311639997667
"187969",0.535386007373214
"205696",0.612837791360833
"168280",0.163011747569998
"119088",0.16157904225374
"174586",0.828512615052803
"125425",0.00105544949299321
"150003",0.163011747569998
"195767",0.930759998695887
"139541",0.0780403075687228
"213222",0.0126161343917322
"208417",0.924188585753947
"128458",0.0183378653688316
"172477",0.0195800294829082
"187408",0.55169061398451
"136093",0.982227111712331
"137467",0.101216258611309
"190637",0.374772084800919
"131629",0.993876911838924
"127933",2.42221057222089e-13
"175594",0.000268206887628469
"207078",0.159823842487894
"139424",0.495927597338687
"155543",0.00521352430026897
"213295",0.108427213835169
"198324",0.875490553192395
"195386",0.867040445194264
"174251",0.773324395149754
"216664",0.0326473695763124
"134075",0.0249990326789141
"156244",0.379664500140754
"215061",0.155765743900579
"199318",0.969480664319751
"200675",0.842524501112376
"133847",0.996410941678633
"152102",0.0400251410079953
"168292",5.86187376315488e-06
"198416",0.156427453383289
"222407",0.989056483190665
"172844",6.0611617460713e-06
"167465",0.925446912547655
"184267",0.011793150010387
"151029",0.99583645692497
"168279",0.160521239411954
"125726",0.613449387481936
"200021",0.081660809086176
"200228",0.179467521673311
"149483",0.95173060936263
"159799",0.000244294073416353
"126035",0.0240407724459056
"226346",0.161224866263142
"209660",0.882724601216621
"191062",0.104826137918534
"174940",0.00139652723047506
"169063",0.954936371333343
"173214",0.949371907552746
"175516",0.973742637318798
"148597",0.99364582915041
"199882",0.852356797356391
"130563",0.162651149236017
"188171",0.0515788908360552
"218092",0.272738019711496
"229472",0.155765743900579
"129301",0.178973896838292
"222213",0.801983177192451
"138382",0.114425315360454
"180689",0.937855390390876
"175059",0.15676046097765
"229727",0.988829137967483
"220318",0.774472566484906
"182367",0.978874102296095
"139882",0.684779443165421
"199742",0.0388337006584237
"150041",0.736477561398725
"126964",0.16229217288888
"129508",0.0817124901565808
"132781",0.000717985887108573
"207382",0.165828574029623
"157234",0.919474719682532
"148850",0.0715546314406849
"133705",0.775023035817024
"135709",0.957614044449135
"120427",0.00527205472965886
"144391",0.0546338501054195
"120710",0.00819001929769455
"191634",0.0182334874913317
"174638",0.34238983650733
"214795",0.00379941062974802
"166410",0.165582297035158
"178694",0.164103386015327
"151447",0.260423412360692
"203416",0.643599160250636
"156221",0.162651149236017
"188214",0.561958043192521
"196947",0.751843088728141
"190105",0.96889799901853
"219727",7.39184165674429e-05
"202167",0.864482734540244
"132095",0.157768208817345
"193310",0.24164103714249
"133657",0.164103386015327
"165809",0.998054411380135
"136518",0.164470584333748
"142089",0.0261858528050993
"222181",0.16521002816656
"176022",0.163373978991937
"201047",0.997551917854958
"189746",0.160171767430189
"194050",0.000619582322987877
"121828",0.751003201272096
"225766",0.997891582293549
"160355",0.156427453383289
"209389",0.891447356523199
"148756",0.157430829119909
"127824",0.907921489662443
"157824",0.943067557001406
"206465",4.05406471290652e-07
"158490",0.165582297035158
"117638",0.0583628327296165
"149115",0.371372894799521
"198821",0.587206527203319
"192700",0.0368397066632794
"167224",0.165582297035158
"166648",0.0537151993151001
"189041",0.960439031238713
"206863",0.7738737721924
"145529",0.0597190979038339
"144696",0.164470584333748
"129705",0.303175621151414
"121096",0.159477454259442
"224725",0.510207307013202
"121839",0.992113010829936
"208543",0.988867545679334
"208033",0.770763333254417
"158412",0.745370013741726
"167929",0.994213482538253
"138062",0.845281548619248
"225283",0.00130972076566315
"141161",0.159477454259442
"139469",0.955618449379592
"181845",0.927112319607951
"154356",0.497817059494526
"144641",0.160872268851953
"196324",0.155765743900579
"222251",0.861817410958753
"165138",0.157094916378975
"225073",0.225598196919023
"118062",0.177942016258103
"217148",0.427381645059416
"123235",0.0359577157539109
"134145",0.0832264761321322
"224779",0.871996263036968
"190087",0.0002284288522005
"208044",0.0251666933649296
"202457",0.16157904225374
"230433",0.986127384495956
"197569",0.00218964875251461
"144290",0.98974420565393
"123764",0.0777873910793774
"140978",0.764051106552721
"172400",0.16157904225374
"152141",0.164470584333748
"116921",0.329846415825494
"186113",0.00221222416717685
"145335",0.692671855794173
"202985",0.950071483434903
"134521",0.121954720379876
"175282",0.379181625668881
"116224",0.00361858678447025
"211304",0.139459369370352
"205887",0.0295205626287892
"223242",0.155765743900579
"141255",0.587589816565839
"128145",0.0126518163708996
"188172",0.678351119982529
"176951",0.160521239411954
"116849",0.000395779234766144
"221213",0.413705786714077
"116445",0.158107065173355
"216855",0.990761310601546
"137456",0.164839461176468
"207486",0.931198352955545
"226744",0.163373978991937
"188555",0.992892562486771
"142461",0.992666810348614
"169661",0.29923632471811
"182775",0.155765743900579
"167549",0.913847369686482
"129701",0.837295606043184
"117177",0.15676046097765
"169412",0.964222072113507
"159541",0.977339384228437
"130739",0.158789247101006
"201671",0.0290954001201997
"177967",0.43267312855204
"153076",0.0224390291042488
"149829",0.158107065173355
"193086",0.16521002816656
"145468",0.216070965349174
"152601",0.0182334874913317
"171287",0.619087407521159
"201959",0.160521239411954
"152437",0.50164620904994
"191247",0.993954404652248
"116463",0.160171767430189
"166611",0.710903141011449
"143807",0.159477454259442
"154800",0.15609588414657
"136723",0.996356743625145
"173862",0.0976797333417384
"223921",0.175210317242494
"152034",0.165956279622721
"196471",0.061630299783757
"179018",0.287127792535663
"181810",0.021221444602972
"117981",0.367486343607189
"161969",0.128896826747432
"218191",0.000399823333663261
"184541",0.935410981547754
"197219",0.00262210632721237
"228642",0.885828822577022
"216882",0.164103386015327
"208066",0.999719978899276
"138474",0.949666066651565
"178537",0.164470584333748
"150899",0.515118360316971
"184563",0.162651149236017
"193652",0.159823842487894
"192364",0.506168492362952
"143336",0.160521239411954
"207310",0.0347963686239951
"137789",0.163011747569998
"119590",0.98146510782991
"173925",0.160872268851953
"163601",0.975632724815455
"132943",0.16157904225374
"172627",0.162859820979549
"140693",0.60521836669766
"226792",0.432514574929632
"128780",0.984420061456949
"139964",0.719844657412966
"223441",0.00579600795548543
"138678",0.0101712416997595
"152547",0.0844038609591094
"213690",0.986939325616156
"199624",0.000912997671783369
"158426",0.164839461176468
"127533",0.0195257312836538
"119957",0.899106201558468
"117884",0.157430829119909
"148632",1.07266885250904e-05
"130660",0.0298334295364886
"214267",0.350576573984623
"133918",0.15609588414657
"150830",0.543198294638068
"217782",0.991203810278084
"147228",2.451535791234e-05
"216435",0.944045087895917
"205635",0.327951367883922
"129364",0.16229217288888
"119984",0.293492072803672
"173898",0.164839461176468
"118159",0.0200678115335864
"224473",0.000699568169148961
"147997",0.157094916378975
"153351",0.0336650945401933
"189180",0.16521002816656
"228430",0.0178621832577198
"130259",0.633766953888802
"160428",0.252078196733642
"157498",0.165582297035158
"167254",0.109564421382261
"188233",0.990346648148206
"133174",0.990763173764815
"170283",0.163011747569998
"180393",0.15609588414657
"145059",0.159477454259442
"194955",0.144451139890354
"217413",0.945570667210262
"196414",0.165582297035158
"156016",0.703133712939273
"218106",0.845878047358981
"148979",0.16157904225374
"179349",0.159477454259442
"130151",0.121948600395819
"134900",0.158789247101006
"125263",0.465204413562374
"125020",0.158107065173355
"133082",0.157430829119909
"148108",0.939596761360721
"126650",0.121948600395819
"225084",0.0346705770776259
"132979",0.143053005763174
"135747",0.00209770208684183
"224600",0.0104411459939721
"133075",0.138916705928491
"132712",0.100770941225542
"199638",0.983607957894897
"178423",0.99120621137017
"154638",0.525262662135473
"208819",0.021543505464034
"213668",0.00114957577654453
"141920",0.0457123755344156
"140137",0.0079880345334573
"194819",0.0323907899060387
"157724",0.160521239411954
"158646",0.121384718754744
"188609",0.0727373488428774
"166152",0.411896493320006
"215760",0.0333395919470322
"124189",0.793336688673397
"226289",0.984338237284794
"135477",0.0252437455069955
"171337",0.0299843901288905
"139214",0.159132592511301
"215475",0.160872268851953
"226799",0.995738362347993
"183294",0.996441300143385
"150679",0.0195591516425785
"206895",0.157430829119909
"225442",0.998052263789413
"134278",0.158107065173355
"181404",0.999162318485473
"186027",0.0175380486829183
"180452",0.852482936311532
"175585",0.15609588414657
"207197",0.15609588414657
"153324",0.407104480515796
"227214",0.959018481248343
"177557",0.165582297035158
"218000",0.96317842621474
"139665",0.934951666869692
"193963",0.808063062939423
"140564",0.470916276037614
"230208",0.159477454259442
"196644",0.160872268851953
"184552",0.159823842487894
"217308",0.159823842487894
"136945",0.157430829119909
"183883",0.164839461176468
"201628",0.163011747569998
"171212",0.929741111522498
"178155",0.0199645053329842
"131305",0.09189012490617
"203271",0.163373978991937
"202291",0.159477454259442
"160420",0.158789247101006
"184288",0.159477454259442
"164466",0.160171767430189
"119459",0.021010728968733
"229907",0.157094916378975
"155658",0.0208031333563586
"138090",0.00936074293738779
"139711",0.101052133019037
"212647",0.159132592511301
"189872",0.165956279622721
"153667",0.991769811574518
"195711",0.00847129652580294
"224723",0.00101111224349231
"189926",0.998115009795867
"191786",0.163373978991937
"218610",0.0782926053922196
"195926",0.0453670650748639
"209448",0.16229217288888
"196949",0.163373978991937
"149241",0.00273371631483189
"147297",0.155765743900579
"129674",0.643095725349271
"135589",0.157430829119909
"143450",0.157430829119909
"214403",0.928972817258657
"126974",0.417202879428335
"154024",0.982305183281004
"159258",0.99375498906091
"193139",0.165956279622721
"175091",0.164470584333748
"180011",0.925259747800898
"215514",0.163373978991937
"149952",0.175889853285914
"169514",0.0247827721020322
"149399",0.224629134076569
"123015",0.164470584333748
"224108",0.0136882464567022
"185945",0.0295348963681404
"134454",0.602308798911691
"218123",0.394695341612212
"122834",0.160872268851953
"149677",0.0222172470566139
"156995",0.165582297035158
"173640",0.160171767430189
"147368",0.908012173736412
"169456",0.0196593254205495
"204720",0.932328594800552
"145374",0.671915064370632
"218706",0.0746434835606282
"124350",0.158447407976144
"174833",0.867246043906684
"196295",0.16157904225374
"152517",0.160465771761199
"214760",0.839746469252471
"221602",0.00284147447273523
"138567",0.16157904225374
"144725",0.158107065173355
"162783",0.164470584333748
"189317",0.159132592511301
"178578",0.0503803926089718
"213038",0.480712339715705
"208976",0.70058473359904
"145244",0.0207004864134798
"158046",0.196018647607552
"202656",0.781190278911899
"125049",0.15609588414657
"220416",0.156427453383289
"216105",0.193726473039305
"151246",0.156427453383289
"163706",0.160171767430189
"213353",0.0184144679083654
"140155",0.961133550488633
"131521",0.021652487912923
"156168",0.163011747569998
"136982",0.96314148294106
"183465",0.841701587247425
"131718",0.0486055028936402
"168285",0.15609588414657
"161432",0.992768329543146
"115980",0.0222099911234676
"144824",0.862238112875495
"153804",0.862993363295581
"171309",0.0232540742524229
"206653",0.0359032489444986
"174306",0.0187846055462228
"227282",0.950155469313492
"182480",0.0307944818921817
"218110",0.161224866263142
"180183",0.00722941670338444
"226674",0.997014141771657
"185370",0.161224866263142
"170861",0.0151594644045466
"180626",0.163373978991937
"152103",0.16229217288888
"214684",0.0390285729890915
"196396",0.0555553659031805
"135460",0.157094916378975
"119215",0.00545313265656551
"181744",0.0200027515370252
"140676",0.576202359952143
"138408",0.100044704085473
"189005",0.161224866263142
"215785",0.157430829119909
"223447",0.199868167191008
"191142",0.0523184115602302
"180869",0.15609588414657
"207814",0.163011747569998
"123345",0.0178621832577198
"146566",0.00675167129225702
"160647",0.636103387497477
"157834",0.000156973292903002
"118651",0.115947975661458
"140307",0.812812446805261
"189989",0.601297197374744
"205011",0.15609588414657
"139456",0.210535510081608
"222416",0.0552932197941974
"223725",0.991579416484725
"221952",0.158789247101006
"139241",0.157430829119909
"124997",0.919254315582488
"160838",0.0721181538570824
"133273",0.0355602881691942
"217329",0.000503234412356704
"128981",0.160171767430189
"148439",0.158447407976144
"167711",0.159132592511301
"115622",0.0705729586339236
"201956",0.985661141081872
"160910",0.535874636980154
"217789",0.0191660131999303
"147477",0.164839461176468
"140560",0.021762298481705
"224051",0.968341057347615
"174928",0.000950539215857953
"142599",0.164103386015327
"230250",0.158447407976144
"144669",0.155765743900579
"201248",0.158447407976144
"125132",0.164839461176468
"145899",0.163373978991937
"116162",0.16229217288888
"206545",0.0124037575092558
"180986",0.159477454259442
"210021",0.035285688860209
"135369",0.156427453383289
"116549",0.93198225934042
"149819",0.164470584333748
"176833",0.932651424883847
"186478",0.0271682898738252
"223282",0.155765743900579
"135987",0.977759961760398
"214176",0.163373978991937
"222643",0.104503416404582
"174321",0.16229217288888
"202128",0.15609588414657
"204095",0.157768208817345
"141862",0.00216780189243489
"179652",0.156427453383289
"210656",0.0778138490055561
"167719",0.16157904225374
"184689",0.0325568443215415
"128952",0.802694249494571
"220081",0.0989373662525829
"172035",0.161934807528314
"140747",0.164103386015327
"209166",0.332850008925289
"206620",0.157768208817345
"155217",0.158789247101006
"211716",0.164470584333748
"121361",0.0299843901288905
"135627",0.0238008185296829
"177237",0.160171767430189
"127976",0.996938822346632
"186955",0.898190892406048
"161163",0.994472303450716
"147984",0.158107065173355
"191570",1.78414524283722e-05
"184271",0.0197144714452136
"198575",0.15410643984437
"156120",0.749504515948403
"188524",0.0278340236332755
"223503",0.0271682898738252
"173541",0.157768208817345
"118283",0.165956279622721
"209211",0.159477454259442
"115434",0.976188307659988
"155975",0.00537166132851042
"151697",0.165956279622721
"137405",0.165956279622721
"116650",0.0495496161726031
"117862",0.160521239411954
"170151",0.123181026002568
"227098",0.019861994305739
"171541",0.159823842487894
"193166",0.163737854704947
"154104",0.11851051149518
"226021",0.160521239411954
"142635",0.158107065173355
"223769",0.00790259487379087
"164324",0.158107065173355
"180103",0.673167849956962
"127275",0.0179669783790221
"173159",0.163737854704947
"120375",0.0236821841377981
"196856",0.196253084618057
"138978",0.157094916378975
"205580",0.951964347794851
"139166",0.162651149236017
"117648",0.911099484631615
"218040",0.0110590670809202
"151061",0.0707101045988721
"124345",0.160521239411954
"136712",0.021010728968733
"173027",0.159477454259442
"191548",0.971645757867797
"154385",0.770316034285849
"149015",0.157094916378975
"210357",1.57692874383071e-05
"145390",0.348375757501211
"213582",0.333032703890588
"187547",0.16157904225374
"162561",0.0182334874913317
"219351",0.159823842487894
"165255",0.164470584333748
"178907",0.739938298608713
"124660",0.159132592511301
"140845",0.165956279622721
"137508",0.164839461176468
"128263",0.150759646898262
"187697",0.156427453383289
"181025",0.998624145504506
"117295",0.0678220879653482
"192743",0.635788340342055
"175472",0.311796523128904
"119718",0.977534769961991
"156394",0.162651149236017
"179360",0.99640314824206
"184589",0.991988355113267
"169651",0.828753213369118
"196850",0.162651149236017
"223977",0.16521002816656
"221826",0.919084511216689
"130243",0.162651149236017
"137074",0.837551831271759
"130866",0.615292583256667
"175142",0.123308589372014
"116811",0.68906558215709
"180583",0.38060137754003
"162779",0.161224866263142
"171610",0.813293341477299
"149972",0.165956279622721
"194000",0.167187732670372
"180527",0.163373978991937
"136437",0.209423708697036
"195993",0.841750769737815
"189996",0.157768208817345
"152069",0.159132592511301
"157844",0.163737854704947
"146550",0.0508340223005105
"127033",0.163373978991937
"124440",0.756138041877781
"141052",0.996857097836346
"125271",0.0214362697155867
"134244",0.156427453383289
"197226",0.155765743900579
"186969",0.165582297035158
"198003",0.123554606495412
"120781",0.0289510721752208
"201111",0.165582297035158
"138163",0.164839461176468
"225582",0.161224866263142
"199631",0.161224866263142
"123891",0.0208031333563586
"192292",0.0219844375991904
"155912",0.0765166852323702
"171645",0.159823842487894
"226141",0.0270380035013634
"152147",0.0376943557009944
"197034",0.997432419443174
"169918",0.159823842487894
"208578",0.159132592511301
"142103",0.157430829119909
"157535",0.137845470546317
"186704",0.164470584333748
"126967",0.158789247101006
"229742",0.0125906299844777
"125072",0.164470584333748
"164416",0.0686120763569987
"167956",0.021652487912923
"145660",0.710844954844946
"147842",0.980189666886164
"161168",0.160521239411954
"148903",0.157430829119909
"118764",0.160872268851953
"230454",0.890137735339819
"142411",0.641686551421423
"161456",0.800159321748531
"135690",0.164470584333748
"143476",0.0813163637769915
"129127",0.164103386015327
"178669",0.143635321317268
"170421",0.0140112947930921
"126992",0.952824219810002
"136055",0.158447407976144
"205662",0.165582297035158
"183995",0.981844550447948
"185288",0.160872268851953
"160630",0.0742966808990054
"226013",0.15609588414657
"125127",0.16157904225374
"154733",0.158107065173355
"213807",0.51361233506253
"127914",0.164103386015327
"184612",0.164839461176468
"125236",0.954863141122093
"176431",0.163373978991937
"123390",0.0028410446205897
"169859",0.987762331399689
"172105",0.165956279622721
"158079",0.0199645053329842
"181964",0.157094916378975
"213304",0.998647128175884
"189577",0.161934807528314
"200541",0.164839461176468
"203219",0.161934807528314
"162631",0.993247845723051
"180387",0.157768208817345
"197806",0.0523513114438525
"213603",0.158107065173355
"122002",0.163737854704947
"174589",0.59453041290763
"159797",0.15609588414657
"180448",0.164470584333748
"192523",0.158789247101006
"120048",0.157768208817345
"183312",0.164470584333748
"127606",0.163011747569998
"138801",0.864422095563111
"198151",0.9427168527194
"228537",0.159477454259442
"156331",0.0572245203863626
"164237",0.992153571881504
"198630",0.15609588414657
"152122",0.997521527396063
"224075",0.285542125620737
"178721",0.165956279622721
"117725",0.163011747569998
"168457",0.0839075175773693
"125453",0.156427453383289
"212708",0.160171767430189
"117561",0.916589663472561
"199115",0.0919204788273826
"219481",0.161224866263142
"210661",0.992693495992547
"159745",0.0185059701010218
"201323",0.685471796815661
"156782",0.163737854704947
"119162",0.028107164672174
"134687",0.968473752337684
"206905",0.163737854704947
"159097",0.0187846055462228
"228944",0.825793483739809
"230259",0.942978943025214
"183864",0.160872268851953
"149870",0.164103386015327
"225543",5.17865208490126e-06
"194286",0.165956279622721
"221282",0.0240407724459056
"187120",0.99234729327907
"193164",0.161934807528314
"132707",0.165956279622721
"198293",0.16229217288888
"159231",0.860463015001862
"159460",0.922149632195916
"170741",0.028107164672174
"138955",0.0565404974406074
"135287",0.0350549397904948
"163378",0.0413817322029333
"208041",0.157768208817345
"191953",0.155765743900579
"177413",0.996405563497989
"193906",0.163011747569998
"222501",0.161224866263142
"131300",0.157768208817345
"187023",0.0181439960659687
"126171",0.02747669424648
"149041",0.158447407976144
"229335",0.158107065173355
"181141",0.163737854704947
"154441",0.890762514643042
"215361",0.290953335593167
"171713",0.157430829119909
"220514",0.163737854704947
"116480",0.0235475251326644
"198738",0.158789247101006
"185515",0.15609588414657
"214649",0.161224866263142
"150496",0.696354111017993
"163094",0.369492871124923
"230570",0.158789247101006
"206934",0.959988475475096
"215318",0.920151565343776
"197152",0.0295205626287892
"151866",0.141905040449024
"229416",0.164839461176468
"127192",0.159477454259442
"141558",0.165956279622721
"166380",0.157430829119909
"198851",0.642004776822281
"144433",0.159132592511301
"180789",0.163011747569998
"141652",0.213713629283099
"132994",0.156427453383289
"120533",0.23478030901126
"177991",0.0874989451259211
"139633",0.157768208817345
"116627",0.921536073049289
"191285",0.163011747569998
"196104",0.158789247101006
"165939",0.159823842487894
"180983",0.09904678080098
"229316",0.157430829119909
"220274",0.16229217288888
"163043",0.158789247101006
"194632",0.15609588414657
"214955",0.101960431190385
"211839",0.163737854704947
"217958",0.16157904225374
"179597",0.991000188193957
"177473",0.156427453383289
"199021",0.159823842487894
"124133",0.0764137757742035
"206460",0.163373978991937
"143918",0.160521239411954
"174353",0.0869133138992544
"198780",0.165582297035158
"190600",0.880355808770019
"221011",0.684310803554941
"150178",0.999176113373077
"225130",0.159477454259442
"216994",0.00289842882292075
"170029",0.160171767430189
"197940",0.164839461176468
"190655",0.163011747569998
"140777",0.0266527033930096
"180140",0.915949757515423
"149686",0.163737854704947
"151302",0.162651149236017
"134686",0.160521239411954
"215843",0.165956279622721
"213264",0.957162754358994
"206807",0.0613440290521863
"183736",0.159132592511301
"129154",0.155765743900579
"132358",0.160872268851953
"127411",0.0182334874913317
"158459",0.0390546376956721
"221878",0.158789247101006
"173472",0.16521002816656
"217527",0.160521239411954
"221268",0.0341623152534511
"152475",0.164103386015327
"216647",0.16157904225374
"170316",0.160872268851953
"172481",0.16521002816656
"161273",0.160521239411954
"165055",0.95513474936375
"146041",0.158107065173355
"216410",0.163373978991937
"211501",0.161934807528314
"122157",0.971024428181863
"158437",0.141982369732976
"137165",0.158107065173355
"155275",0.187651270414604
"145226",0.936776033175303
"182219",0.15609588414657
"141447",0.164839461176468
"163190",0.948922267075109
"227524",0.157094916378975
"186175",0.948783334003425
"181972",0.184683176836617
"144571",0.165956279622721
"141578",0.160872268851953
"155181",0.906927366335998
"183381",0.159477454259442
"145745",0.258979275558505
"200246",0.158447407976144
"131554",0.15609588414657
"217167",0.751768468334489
"195077",0.156427453383289
"210346",0.15676046097765
"140536",0.716200305076258
"120248",0.157094916378975
"167529",0.163737854704947
"132444",0.165582297035158
"197093",0.16157904225374
"192581",0.163373978991937
"175599",0.926165654419972
"136305",0.973907958918027
"189770",0.329575487869109
"190779",0.16157904225374
"215145",0.0678220879653482
"132971",0.7051224569213
"197470",0.155765743900579
"148257",0.161934807528314
"143345",0.994714048391837
"168273",0.0572245203863626
"218129",0.165582297035158
"189817",0.0299843901288905
"200909",0.155765743900579
"128085",0.218662646554758
"188612",0.163011747569998
"122087",0.160872268851953
"166208",0.596416717784849
"124803",0.610672054512717
"139577",0.158107065173355
"142378",0.160872268851953
"212482",0.867512292426389
"173368",0.468508608992055
"199014",0.158789247101006
"211421",0.159823842487894
"166585",0.161934807528314
"167996",0.164839461176468
"136179",0.163011747569998
"162923",0.158789247101006
"137194",0.164470584333748
"139551",0.161224866263142
"127921",0.003110247747189
"203923",0.155765743900579
"154106",0.158107065173355
"131129",0.155765743900579
"204053",0.856121822521234
"148047",0.165582297035158
"206745",0.156427453383289
"229034",0.159823842487894
"116511",0.162651149236017
"194157",0.15676046097765
"204715",0.248216375744301
"193977",0.159477454259442
"179345",0.851567399303477
"128475",0.126013793799737
"149948",0.160171767430189
"215472",0.161224866263142
"125216",0.259095447578795
"203229",0.158447407976144
"224830",0.164103386015327
"196852",0.0355602881691942
"170605",0.0176206271011619
"154228",0.0271682898738252
"117548",0.0241699272449174
"161066",0.155765743900579
"229608",0.164839461176468
"171901",0.822427572541401
"163237",0.160872268851953
"124723",0.694458558434579
"203162",0.0451585740631094
"198169",0.0331785998321507
"140151",0.160872268851953
"222340",0.160872268851953
"176922",0.158789247101006
"221023",0.0809899058244285
"175654",0.161934807528314
"141752",0.156427453383289
"176076",0.00597826347309873
"159408",0.160521239411954
"147010",0.160521239411954
"132062",0.164470584333748
"178583",0.0278340236332755
"219446",0.0596931935606145
"225664",0.161934807528314
"143815",0.158447407976144
"124679",0.163373978991937
"189325",0.856402217801547
"161977",0.159477454259442
"201706",0.163737854704947
"213921",0.039266043252805
"136810",0.163737854704947
"187930",0.161224866263142
"172323",0.158107065173355
"176398",0.160171767430189
"219866",0.155765743900579
"124577",0.160171767430189
"165522",0.293462247022635
"133926",0.0362511673644471
"210886",0.126883719802983
"151874",0.6814350335964
"172415",0.227729029854851
"167973",0.163737854704947
"123497",0.165956279622721
"147134",0.083624780042289
"192113",0.158789247101006
"137976",0.0185981558865057
"152628",0.162651149236017
"157428",0.510227071956147
"176419",0.155765743900579
"125359",0.16521002816656
"157009",0.951979987821191
"167744",0.157768208817345
"220518",0.164103386015327
"153904",0.158789247101006
"227507",0.164470584333748
"148910",0.161224866263142
"191154",0.156427453383289
"223177",0.165582297035158
"229381",0.160521239411954
"205371",0.158789247101006
"131724",0.0241699272449174
"117880",0.157094916378975
"174060",0.165956279622721
"152685",0.161934807528314
"178901",0.0782926053922196
"165574",0.866133420647408
"121263",0.651627778994495
"230457",0.165956279622721
"213747",0.0293800011054701
"159316",0.155765743900579
"181474",0.16521002816656
"163337",0.160171767430189
"171368",0.0240407724459056
"176682",0.165956279622721
"205655",0.0523184115602302
"198282",0.159823842487894
"224704",0.163737854704947
"194869",0.164470584333748
"129221",0.165956279622721
"230449",0.00401218602367473
"159320",0.16229217288888
"188662",0.161224866263142
"184861",0.162651149236017
"119721",0.995280632988224
"181325",0.157094916378975
"197196",0.00413248073758392
"177241",0.15609588414657
"156372",0.164470584333748
"226250",0.160521239411954
"156570",0.00847129652580294
"222166",0.709924370475849
"197503",0.158107065173355
"201931",0.163011747569998
"154595",0.162651149236017
"208244",0.155765743900579
"170209",0.159132592511301
"178579",0.15609588414657
"127143",0.157430829119909
"186482",0.159823842487894
"197268",0.0200678115335864
"219661",0.159132592511301
"122060",0.0875348590616081
"178902",0.158789247101006
"224044",0.571537561102924
"121761",0.164470584333748
"213001",0.159477454259442
"191171",0.157094916378975
"199760",0.160521239411954
"225270",0.159477454259442
"201999",0.163373978991937
"191969",0.253494334376779
"175766",0.946894708521067
"171886",0.095033325065019
"144781",0.159477454259442
"178657",0.161934807528314
"229492",0.15609588414657
"222804",0.591699779058096
"126732",0.896814202748339
"213577",0.840901537501422
"155954",0.155765743900579
"137772",0.0116069660759506
"146060",0.159132592511301
"160535",0.164103386015327
"187803",0.161934807528314
"215191",0.0251209431069297
"121767",0.16157904225374
"156033",0.0192631795406749
"178880",0.165956279622721
"227642",0.165956279622721
"182261",0.19451583357203
"128115",0.161224866263142
"194919",0.164103386015327
"194130",0.157430829119909
"131166",0.16521002816656
"167318",0.0473967534051145
"137186",0.159132592511301
"174034",0.161224866263142
"191412",0.158107065173355
"205926",0.820813020983948
"175900",0.165582297035158
"221328",0.0224390291042488
"205299",0.142513583717309
"141332",0.160521239411954
"123618",0.163737854704947
"154274",0.69225438666079
"227996",0.160171767430189
"224259",0.158789247101006
"120167",0.0941321460481231
"145491",0.15609588414657
"130738",0.156427453383289
"195313",0.467800512430413
"159929",0.157094916378975
"207624",0.16521002816656
"131383",0.16521002816656
"120739",0.111215669610573
"117036",0.160872268851953
"173441",0.163737854704947
"174115",0.15676046097765
"149767",0.164839461176468
"130104",0.111794549725898
"164508",0.160171767430189
"140440",0.0384482816132459
"229833",0.16157904225374
"158976",0.737967278359738
"197340",0.158447407976144
"179460",0.15609588414657
"129856",0.157768208817345
"222520",0.165582297035158
"196031",0.158107065173355
"179604",0.0327207391805187
"182827",0.164470584333748
"194294",0.288787934089125
"158320",0.0371751128240167
"155593",0.161934807528314
"171451",0.161934807528314
"229118",0.163373978991937
"162010",0.160521239411954
"211074",0.159823842487894
"208981",0.163011747569998
"176133",0.163373978991937
"151878",0.164470584333748
"143471",0.15609588414657
"172747",0.0293800011054701
"118029",0.162651149236017
"225801",0.158447407976144
"172887",0.157094916378975
"142591",0.159477454259442
"168714",0.15676046097765
"141333",0.157430829119909
"129306",0.165956279622721
"225767",0.161934807528314
"159622",0.370268982033867
"154780",0.0292404376405283
"195955",0.156427453383289
"115818",0.0190695799179047
"210541",0.163373978991937
"165130",0.0602631775561372
"188422",0.163373978991937
"141899",0.159823842487894
"164076",0.161934807528314
"197453",0.160521239411954
"117122",0.165582297035158
"171993",0.431767444892597
"118416",0.159823842487894
"152349",0.164839461176468
"128620",0.0247827721020322
"158928",0.0192631795406749
"217066",0.155765743900579
"216054",0.990330709970815
"118019",0.157768208817345
"223588",0.645824987914382
"226018",0.0191660131999303
"136507",0.161224866263142
"227376",0.158789247101006
"215716",0.160872268851953
"198494",0.159477454259442
"142376",0.163373978991937
"173286",0.158447407976144
"170625",0.163373978991937
"122680",0.164103386015327
"116483",0.234727952942658
"166720",0.159132592511301
"146270",0.159477454259442
"119405",0.158107065173355
"155183",0.15676046097765
"141554",0.0583026754501452
"167283",0.159823842487894
"186034",0.158789247101006
"190792",0.161934807528314
"222505",0.157430829119909
"221624",0.157430829119909
"153659",0.156427453383289
"152397",0.159823842487894
"121813",0.157094916378975
"180888",0.165582297035158
"131959",0.163737854704947
"134280",0.159477454259442
"118154",0.160171767430189
"185173",0.16229217288888
"180145",0.0460673814987458
"124010",0.155765743900579
"211996",0.156427453383289
"134465",0.164470584333748
"153386",0.985255088380554
"169948",0.159477454259442
"197399",0.157768208817345
"171405",0.164103386015327
"135773",0.162651149236017
"175742",0.160872268851953
"133483",0.160521239411954
"191284",0.16157904225374
"208465",0.163011747569998
"205508",0.162651149236017
"143088",0.16157904225374
"223536",0.0205985966888652
"202299",0.157430829119909
"212826",0.161224866263142
"190789",0.158789247101006
"159150",0.160872268851953
"128126",0.164470584333748
"155067",0.98503537000365
"141755",0.163373978991937
"173389",0.158107065173355
"132651",0.159477454259442
"213965",0.514736919400638
"194800",0.16157904225374
"123266",0.159132592511301
"206278",0.159132592511301
"181923",0.160521239411954
"166424",0.163737854704947
"145496",0.163373978991937
"183602",0.157768208817345
"195927",0.157768208817345
"189308",0.161224866263142
"128710",0.160872268851953
"182132",0.159477454259442
"146705",0.16157904225374
"211539",0.159477454259442
"177289",0.160872268851953
"124470",0.248578145975687
"225173",0.160521239411954
"225555",0.16157904225374
"221405",0.160171767430189
"147250",0.160521239411954
"215175",0.157430829119909
"185444",0.158789247101006
"208159",0.269784395086603
"183336",0.16229217288888
"135974",0.16521002816656
"205947",0.156427453383289
"171889",0.160521239411954
"214557",0.163011747569998
"203206",0.165956279622721
"128123",0.161934807528314
"137315",0.156427453383289
"116085",0.157768208817345
"143939",0.163011747569998
"124631",0.15676046097765
"120045",0.163011747569998
"178484",0.160521239411954
"166673",0.158789247101006
"176425",0.162651149236017
"194833",0.156427453383289
"171387",0.157094916378975
"151166",0.159132592511301
"159829",0.165956279622721
"169966",0.158447407976144
"120130",0.16229217288888
"200799",0.157768208817345
"174447",0.163373978991937
"199508",0.163373978991937
"166909",0.158789247101006
"208541",0.158107065173355
"123250",0.158447407976144
"161821",0.163737854704947
"200519",0.159823842487894
"155691",0.163737854704947
"174970",0.165582297035158
"220869",0.156427453383289
"171682",0.159477454259442
"194352",0.161224866263142
"158643",0.159132592511301
"177914",0.163011747569998
"208329",0.157430829119909
"168548",0.163373978991937
"225120",0.156427453383289
"141173",0.15609588414657
"176767",0.161224866263142
"173632",0.15676046097765
"215458",0.160872268851953
"170487",0.156427453383289
"164244",0.160521239411954
"169341",0.155765743900579
"206517",0.159132592511301
"143453",0.157094916378975
"177780",0.159823842487894
"160198",0.15609588414657
"212895",0.159477454259442
"190927",0.16157904225374
"210491",0.158107065173355
